DataHora,Satelite,Pais,Estado,Municipio,Bioma,DiaSemChuva,Precipitacao,RiscoFogo,FRP,Latitude,Longitude
2025/11/04 16:15:00,NOAA-21,Brasil,GOIÁS,CAVALCANTE,Cerrado,5,6.24,0.0,6.8,-13.58627,-47.95218
2025/11/04 16:45:00,NPP-375,Brasil,GOIÁS,CAVALCANTE,Cerrado,8,6.39,0.0,3.6,-13.48498,-47.76542
2025/11/04 16:45:00,NPP-375,Brasil,GOIÁS,CAVALCANTE,Cerrado,0,10.69,0.0,4.2,-13.30933,-47.65488
2025/11/04 16:45:00,NPP-375,Brasil,GOIÁS,CAVALCANTE,Cerrado,5,6.19,0.0,5.2,-13.5869,-47.95012
2025/11/04 16:45:00,NPP-375,Brasil,GOIÁS,CAVALCANTE,Cerrado,0,4.85,0.0,3.9,-13.66819,-47.728
2025/11/04 16:45:00,NPP-375,Brasil,GOIÁS,CAVALCANTE,Cerrado,5,6.07,0.0,7.0,-13.58249,-47.94348
2025/11/04 16:45:00,NPP-375,Brasil,GOIÁS,CAVALCANTE,Cerrado,8,6.31,0.0,2.5,-13.48552,-47.76899
2025/11/04 16:45:00,NPP-375,Brasil,GOIÁS,CAVALCANTE,Cerrado,1,7.46,0.0,1.9,-13.31231,-47.91719
2025/11/04 16:45:00,NPP-375,Brasil,GOIÁS,CAVALCANTE,Cerrado,1,7.4,0.0,2.5,-13.31285,-47.92078
2025/11/04 16:45:00,NPP-375,Brasil,GOIÁS,CAVALCANTE,Cerrado,0,10.73,0.0,4.2,-13.31212,-47.6508
2025/11/04 16:45:00,NPP-375,Brasil,GOIÁS,CAVALCANTE,Cerrado,0,4.92,0.0,3.9,-13.66485,-47.72852
2025/11/04 16:45:00,NPP-375,Brasil,GOIÁS,CAVALCANTE,Cerrado,0,10.8,0.0,4.5,-13.31158,-47.64725
2025/11/04 17:09:00,NOAA-20,Brasil,GOIÁS,CAVALCANTE,Cerrado,8,6.34,0.0,12.0,-13.49535,-47.76493
2025/11/04 17:09:00,NOAA-20,Brasil,GOIÁS,CAVALCANTE,Cerrado,8,6.24,0.0,8.9,-13.50027,-47.76817
2025/11/04 17:09:00,NOAA-20,Brasil,GOIÁS,CAVALCANTE,Cerrado,1,7.46,0.0,3.2,-13.31353,-47.91546
2025/11/04 17:09:00,NOAA-20,Brasil,GOIÁS,CAVALCANTE,Cerrado,8,6.23,0.0,12.0,-13.49605,-47.76886
2025/11/04 17:09:00,NOAA-20,Brasil,GOIÁS,CAVALCANTE,Cerrado,4,6.19,0.0,4.8,-13.58867,-47.95112
2025/11/04 17:09:00,NOAA-20,Brasil,GOIÁS,CAVALCANTE,Cerrado,1,4.85,0.0,2.6,-13.67308,-47.71455
2025/11/04 17:09:00,NOAA-20,Brasil,GOIÁS,CAVALCANTE,Cerrado,4,6.13,0.0,4.8,-13.58801,-47.94736
2025/11/04 17:09:00,NOAA-20,Brasil,GOIÁS,CAVALCANTE,Cerrado,7,7.25,0.0,7.2,-13.47269,-47.7357
2025/11/05 16:47:00,NOAA-20,Brasil,GOIÁS,CAVALCANTE,Cerrado,4,8.42,0.01,3.5,-13.6596,-48.00798
2025/11/06 16:30:00,NOAA-20,Brasil,GOIÁS,CAVALCANTE,Cerrado,0,14.03,0.0,3.7,-13.59037,-47.4304
2025/11/06 16:30:00,NOAA-20,Brasil,GOIÁS,CAVALCANTE,Cerrado,0,15.76,0.0,3.8,-13.55293,-47.37496
2025/11/06 16:30:00,NOAA-20,Brasil,GOIÁS,CAVALCANTE,Cerrado,0,15.43,0.0,3.7,-13.55651,-47.37404
2025/11/06 16:30:00,NOAA-20,Brasil,GOIÁS,CAVALCANTE,Cerrado,0,15.65,0.0,3.8,-13.55235,-47.37079
2025/11/08 04:38:00,NPP-375D,Brasil,GOIÁS,CAVALCANTE,Cerrado,0,1.5,0.03,0.4,-13.95471,-47.41272
2025/11/08 04:38:00,NPP-375D,Brasil,GOIÁS,CAVALCANTE,Cerrado,0,1.5,0.04,1.6,-13.95412,-47.41666
2025/11/08 04:38:00,NPP-375D,Brasil,GOIÁS,CAVALCANTE,Cerrado,0,1.51,0.04,1.6,-13.95354,-47.4206
2025/11/08 16:41:00,NOAA-21,Brasil,GOIÁS,CAVALCANTE,Cerrado,0,1.28,0.03,11.3,-13.95129,-47.39124
2025/11/08 16:41:00,NOAA-21,Brasil,GOIÁS,CAVALCANTE,Cerrado,0,1.36,0.03,5.5,-13.95236,-47.3983
2025/11/08 16:41:00,NOAA-21,Brasil,GOIÁS,CAVALCANTE,Cerrado,0,1.34,0.05,4.2,-13.94627,-47.40286
2025/11/08 16:41:00,NOAA-21,Brasil,GOIÁS,CAVALCANTE,Cerrado,0,1.45,0.03,14.2,-13.96005,-47.40434
2025/11/08 16:41:00,NOAA-21,Brasil,GOIÁS,CAVALCANTE,Cerrado,0,1.45,0.04,5.9,-13.95065,-47.40943
2025/11/08 16:41:00,NOAA-21,Brasil,GOIÁS,CAVALCANTE,Cerrado,0,1.41,0.04,4.2,-13.95012,-47.40588
2025/11/08 16:41:00,NOAA-21,Brasil,GOIÁS,CAVALCANTE,Cerrado,3,4.33,0.0,7.4,-13.60152,-47.72776
2025/11/08 16:41:00,NOAA-21,Brasil,GOIÁS,CAVALCANTE,Cerrado,0,1.48,0.03,8.1,-13.96059,-47.40788
2025/11/08 16:41:00,NOAA-21,Brasil,GOIÁS,CAVALCANTE,Cerrado,3,4.35,0.0,4.8,-13.5982,-47.72828
2025/11/08 16:41:00,NOAA-21,Brasil,GOIÁS,CAVALCANTE,Cerrado,0,1.38,0.05,4.2,-13.94681,-47.4064
2025/11/08 17:13:00,NPP-375,Brasil,GOIÁS,CAVALCANTE,Cerrado,8,6.63,0.0,4.2,-13.51635,-47.78525
2025/11/08 17:13:00,NPP-375,Brasil,GOIÁS,CAVALCANTE,Cerrado,0,7.74,0.0,26.0,-13.44434,-47.45438
2025/11/10 04:23:00,NOAA-20,Brasil,GOIÁS,CAVALCANTE,Cerrado,0,8.18,0.01,0.6,-13.94354,-47.38695
2025/11/10 16:05:00,NOAA-21,Brasil,GOIÁS,CAVALCANTE,Cerrado,0,27.66,0.0,2.9,-13.34223,-47.40936
2025/11/10 16:05:00,NOAA-21,Brasil,GOIÁS,CAVALCANTE,Cerrado,0,13.17,0.0,4.0,-13.64814,-47.53022
2025/11/10 16:05:00,NOAA-21,Brasil,GOIÁS,CAVALCANTE,Cerrado,0,11.91,0.0,9.0,-13.68546,-47.41598
2025/11/10 16:05:00,NOAA-21,Brasil,GOIÁS,CAVALCANTE,Cerrado,0,11.95,0.0,9.0,-13.68497,-47.41542
2025/11/10 16:05:00,NOAA-21,Brasil,GOIÁS,CAVALCANTE,Cerrado,0,8.17,0.01,5.2,-13.94548,-47.38771
2025/11/10 16:34:00,NPP-375,Brasil,GOIÁS,CAVALCANTE,Cerrado,0,23.51,0.0,7.4,-13.52012,-47.44873
2025/11/10 16:34:00,NPP-375,Brasil,GOIÁS,CAVALCANTE,Cerrado,0,13.34,0.0,4.5,-13.64632,-47.52838
2025/11/10 16:56:00,NOAA-20,Brasil,GOIÁS,CAVALCANTE,Cerrado,5,18.81,0.0,13.6,-13.46981,-48.08018
2025/11/10 16:56:00,NOAA-20,Brasil,GOIÁS,CAVALCANTE,Cerrado,0,11.44,0.0,4.2,-13.66796,-47.55801
2025/11/10 16:56:00,NOAA-20,Brasil,GOIÁS,CAVALCANTE,Cerrado,5,18.83,0.0,6.1,-13.46787,-48.08104
2025/11/10 16:56:00,NOAA-20,Brasil,GOIÁS,CAVALCANTE,Cerrado,0,26.54,0.0,4.6,-13.38825,-47.38073
2025/11/10 16:56:00,NOAA-20,Brasil,GOIÁS,CAVALCANTE,Cerrado,5,18.82,0.0,6.1,-13.47134,-48.08039
2025/11/10 16:56:00,NOAA-20,Brasil,GOIÁS,CAVALCANTE,Cerrado,0,27.3,0.0,8.7,-13.40522,-47.46067
2025/11/10 16:56:00,NOAA-20,Brasil,GOIÁS,CAVALCANTE,Cerrado,0,23.29,0.0,6.1,-13.52246,-47.44613
2025/11/12 22:50:00,GOES-19,Brasil,GOIÁS,CAVALCANTE,Cerrado,0,1.27,0.14,64.5,-14.0986,-47.8925
2025/11/13 00:14:00,METOP-B,Brasil,GOIÁS,CAVALCANTE,Cerrado,0,0.0,0.28,,-14.106399536132812,-47.886199951171875
2025/11/13 15:58:00,NOAA-20,Brasil,GOIÁS,CAVALCANTE,Cerrado,0,0.0,0.01,3.8,-13.55062,-47.43883
2025/11/13 15:58:00,NOAA-20,Brasil,GOIÁS,CAVALCANTE,Cerrado,0,0.0,0.01,7.9,-13.51425,-47.44296
2025/11/13 15:58:00,NOAA-20,Brasil,GOIÁS,CAVALCANTE,Cerrado,0,0.0,0.01,8.6,-13.51882,-47.44345
2025/11/13 16:47:00,NOAA-21,Brasil,GOIÁS,CAVALCANTE,Cerrado,0,0.0,0.01,3.7,-13.39257,-47.35751
2025/11/13 16:47:00,NOAA-21,Brasil,GOIÁS,CAVALCANTE,Cerrado,0,0.0,0.01,4.0,-13.30521,-47.93066
2025/11/13 16:47:00,NOAA-21,Brasil,GOIÁS,CAVALCANTE,Cerrado,0,0.0,0.01,3.6,-13.51821,-47.4431
2025/11/13 16:47:00,NOAA-21,Brasil,GOIÁS,CAVALCANTE,Cerrado,0,0.0,0.01,5.2,-13.55101,-47.44096
2025/11/13 16:47:00,NOAA-21,Brasil,GOIÁS,CAVALCANTE,Cerrado,0,0.0,0.01,4.0,-13.30797,-47.92654
2025/11/13 16:47:00,NOAA-21,Brasil,GOIÁS,CAVALCANTE,Cerrado,0,0.0,0.0,14.2,-13.56515,-48.02681
2025/11/13 17:17:00,NPP-375,Brasil,GOIÁS,CAVALCANTE,Cerrado,0,0.0,0.0,6.1,-13.56526,-48.02813
2025/11/13 17:17:00,NPP-375,Brasil,GOIÁS,CAVALCANTE,Cerrado,0,0.0,0.01,12.0,-13.43374,-47.75867
2025/11/13 17:17:00,NPP-375,Brasil,GOIÁS,CAVALCANTE,Cerrado,0,0.0,0.0,10.2,-13.56257,-48.0248
2025/11/13 17:17:00,NPP-375,Brasil,GOIÁS,CAVALCANTE,Cerrado,0,0.0,0.01,7.5,-13.43469,-47.76374
2025/11/13 17:17:00,NPP-375,Brasil,GOIÁS,CAVALCANTE,Cerrado,0,0.0,0.0,6.1,-13.56437,-48.02316
2025/11/13 17:17:00,NPP-375,Brasil,GOIÁS,CAVALCANTE,Cerrado,0,0.0,0.01,4.4,-13.43934,-47.76255
2025/11/13 17:17:00,NPP-375,Brasil,GOIÁS,CAVALCANTE,Cerrado,0,0.0,0.01,8.9,-13.4384,-47.75748
2025/11/14 16:30:00,NOAA-21,Brasil,GOIÁS,CAVALCANTE,Cerrado,2,0.0,0.03,2.4,-13.47838,-47.40801
2025/11/14 16:30:00,NOAA-21,Brasil,GOIÁS,CAVALCANTE,Cerrado,2,0.0,0.05,10.5,-13.5703,-48.04253
2025/11/14 16:30:00,NOAA-21,Brasil,GOIÁS,CAVALCANTE,Cerrado,2,0.0,0.12,13.2,-13.90176,-47.55474
2025/11/14 16:58:00,NPP-375,Brasil,GOIÁS,CAVALCANTE,Cerrado,2,0.0,0.12,5.7,-13.90116,-47.55317
2025/11/14 16:58:00,NPP-375,Brasil,GOIÁS,CAVALCANTE,Cerrado,2,0.0,0.12,2.8,-13.8652,-47.60109
2025/11/14 16:58:00,NPP-375,Brasil,GOIÁS,CAVALCANTE,Cerrado,2,0.0,0.05,5.5,-13.5701,-48.04299
2025/11/14 16:58:00,NPP-375,Brasil,GOIÁS,CAVALCANTE,Cerrado,2,0.0,0.09,3.5,-13.98684,-47.72347
2025/11/14 16:58:00,NPP-375,Brasil,GOIÁS,CAVALCANTE,Cerrado,2,0.0,0.12,5.7,-13.90182,-47.55719
2025/11/14 17:00:00,NPP-375,Brasil,GOIÁS,CAVALCANTE,Cerrado,2,0.0,0.01,7.0,-13.2777,-47.64259
2025/11/14 17:00:00,NPP-375,Brasil,GOIÁS,CAVALCANTE,Cerrado,2,0.0,0.03,2.7,-13.35804,-47.38071
2025/11/14 17:19:00,NOAA-20,Brasil,GOIÁS,CAVALCANTE,Cerrado,2,0.0,0.01,1.8,-13.27782,-47.63951
2025/11/14 17:19:00,NOAA-20,Brasil,GOIÁS,CAVALCANTE,Cerrado,2,0.0,0.04,2.7,-13.61719,-48.02261
2025/11/15 04:06:00,NPP-375D,Brasil,GOIÁS,CAVALCANTE,Cerrado,3,0.0,0.07,1.9,-13.48266,-47.40919
2025/11/15 04:27:00,NOAA-20,Brasil,GOIÁS,CAVALCANTE,Cerrado,3,0.0,0.07,1.8,-13.48382,-47.41026
2025/11/15 04:27:00,NOAA-20,Brasil,GOIÁS,CAVALCANTE,Cerrado,3,0.0,0.06,1.7,-13.3298,-47.37475
2025/11/15 05:18:00,NOAA-21,Brasil,GOIÁS,CAVALCANTE,Cerrado,2,0.0,0.94,2.2,-14.09627,-47.87897
2025/11/15 16:09:00,NOAA-21,Brasil,GOIÁS,CAVALCANTE,Cerrado,3,0.0,0.14,2.7,-13.65011,-48.01059
2025/11/15 16:09:00,NOAA-21,Brasil,GOIÁS,CAVALCANTE,Cerrado,3,0.0,0.1,9.0,-13.42444,-47.42742
2025/11/15 16:09:00,NOAA-21,Brasil,GOIÁS,CAVALCANTE,Cerrado,3,0.0,0.08,4.1,-13.64714,-48.01027
2025/11/15 16:09:00,NOAA-21,Brasil,GOIÁS,CAVALCANTE,Cerrado,3,0.0,0.07,3.9,-13.5682,-48.02454
2025/11/15 16:09:00,NOAA-21,Brasil,GOIÁS,CAVALCANTE,Cerrado,3,0.0,0.12,2.7,-13.6497,-48.00731
2025/11/15 16:39:00,NPP-375,Brasil,GOIÁS,CAVALCANTE,Cerrado,3,0.0,0.16,3.6,-13.65073,-48.01006
2025/11/15 16:39:00,NPP-375,Brasil,GOIÁS,CAVALCANTE,Cerrado,3,0.0,0.2,3.1,-13.68001,-47.56164
2025/11/15 16:39:00,NPP-375,Brasil,GOIÁS,CAVALCANTE,Cerrado,3,0.0,0.1,2.7,-13.42459,-47.42793
2025/11/15 16:39:00,NPP-375,Brasil,GOIÁS,CAVALCANTE,Cerrado,3,0.0,0.09,6.1,-13.64723,-48.01053
2025/11/15 16:39:00,NPP-375,Brasil,GOIÁS,CAVALCANTE,Cerrado,3,0.0,0.17,3.1,-13.68345,-47.5612
2025/11/15 16:39:00,NPP-375,Brasil,GOIÁS,CAVALCANTE,Cerrado,3,0.0,0.1,3.4,-13.30945,-47.38099
2025/11/15 16:39:00,NPP-375,Brasil,GOIÁS,CAVALCANTE,Cerrado,3,0.0,0.12,4.1,-13.58161,-48.03246
2025/11/15 16:39:00,NPP-375,Brasil,GOIÁS,CAVALCANTE,Cerrado,3,0.0,0.23,3.7,-13.65029,-47.56607
2025/11/15 16:39:00,NPP-375,Brasil,GOIÁS,CAVALCANTE,Cerrado,3,0.0,0.06,5.5,-13.32946,-47.37374
2025/11/15 17:02:00,NOAA-20,Brasil,GOIÁS,CAVALCANTE,Cerrado,3,0.0,0.06,4.3,-13.52501,-47.43808
2025/11/15 17:02:00,NOAA-20,Brasil,GOIÁS,CAVALCANTE,Cerrado,3,0.0,0.06,5.0,-13.32837,-47.37106
2025/11/15 17:02:00,NOAA-20,Brasil,GOIÁS,CAVALCANTE,Cerrado,3,0.0,0.23,4.4,-13.64361,-47.947
2025/11/15 17:02:00,NOAA-20,Brasil,GOIÁS,CAVALCANTE,Cerrado,3,0.0,0.14,9.0,-13.65011,-48.00858
2025/11/15 17:02:00,NOAA-20,Brasil,GOIÁS,CAVALCANTE,Cerrado,3,0.0,0.06,2.6,-13.58361,-48.02818
2025/11/15 17:02:00,NOAA-20,Brasil,GOIÁS,CAVALCANTE,Cerrado,3,0.0,0.08,9.6,-13.57577,-47.70961
2025/11/15 17:02:00,NOAA-20,Brasil,GOIÁS,CAVALCANTE,Cerrado,3,0.0,0.06,2.1,-13.58387,-48.02964
2025/11/15 17:02:00,NOAA-20,Brasil,GOIÁS,CAVALCANTE,Cerrado,3,0.0,0.09,3.2,-13.4223,-47.42572
2025/11/15 17:02:00,NOAA-20,Brasil,GOIÁS,CAVALCANTE,Cerrado,3,0.0,0.08,4.2,-13.3095,-47.37906
2025/11/16 03:49:00,NPP-375D,Brasil,GOIÁS,CAVALCANTE,Cerrado,4,0.0,0.11,4.5,-13.55204,-47.39323
2025/11/16 03:49:00,NPP-375D,Brasil,GOIÁS,CAVALCANTE,Cerrado,4,0.0,0.1,4.5,-13.55308,-47.3881
2025/11/16 04:10:00,NOAA-20,Brasil,GOIÁS,CAVALCANTE,Cerrado,4,0.0,0.12,2.3,-13.3114,-47.3802
2025/11/16 04:10:00,NOAA-20,Brasil,GOIÁS,CAVALCANTE,Cerrado,4,0.0,0.11,2.1,-13.55739,-47.3925
2025/11/16 04:10:00,NOAA-20,Brasil,GOIÁS,CAVALCANTE,Cerrado,4,0.0,0.11,2.1,-13.55833,-47.38716
2025/11/16 04:10:00,NOAA-20,Brasil,GOIÁS,CAVALCANTE,Cerrado,4,0.0,0.1,2.1,-13.5545,-47.38667
2025/11/16 04:10:00,NOAA-20,Brasil,GOIÁS,CAVALCANTE,Cerrado,4,0.0,0.1,1.8,-13.5498,-47.39114
2025/11/16 04:10:00,NOAA-20,Brasil,GOIÁS,CAVALCANTE,Cerrado,4,0.0,0.11,2.1,-13.55359,-47.39187
2025/11/16 04:10:00,NOAA-20,Brasil,GOIÁS,CAVALCANTE,Cerrado,4,0.0,0.1,1.8,-13.55069,-47.38607
2025/11/16 15:52:00,NOAA-21,Brasil,GOIÁS,CAVALCANTE,Cerrado,4,0.0,0.12,9.2,-13.58632,-47.42642
2025/11/16 15:52:00,NOAA-21,Brasil,GOIÁS,CAVALCANTE,Cerrado,4,0.0,0.09,4.2,-13.69516,-47.59034
2025/11/16 16:22:00,NPP-375,Brasil,GOIÁS,CAVALCANTE,Cerrado,4,0.0,0.18,4.4,-13.58934,-48.03149
2025/11/16 16:22:00,NPP-375,Brasil,GOIÁS,CAVALCANTE,Cerrado,4,0.0,0.1,1.4,-13.32039,-47.37852
2025/11/16 16:22:00,NPP-375,Brasil,GOIÁS,CAVALCANTE,Cerrado,4,0.0,0.2,3.2,-13.68653,-47.55947
2025/11/16 16:22:00,NPP-375,Brasil,GOIÁS,CAVALCANTE,Cerrado,4,0.0,0.21,4.0,-13.90381,-47.55234
2025/11/16 16:22:00,NPP-375,Brasil,GOIÁS,CAVALCANTE,Cerrado,4,0.0,0.22,3.0,-13.63887,-47.94842
2025/11/16 16:22:00,NPP-375,Brasil,GOIÁS,CAVALCANTE,Cerrado,4,0.0,0.11,4.4,-13.58874,-48.0269
2025/11/16 16:22:00,NPP-375,Brasil,GOIÁS,CAVALCANTE,Cerrado,4,0.0,0.11,7.0,-13.58795,-48.02902
2025/11/16 16:22:00,NPP-375,Brasil,GOIÁS,CAVALCANTE,Cerrado,4,0.0,0.12,7.2,-13.58521,-47.42435
2025/11/16 16:22:00,NPP-375,Brasil,GOIÁS,CAVALCANTE,Cerrado,4,0.0,0.27,5.1,-13.65152,-48.01091
2025/11/16 16:22:00,NPP-375,Brasil,GOIÁS,CAVALCANTE,Cerrado,2,0.0,0.05,3.6,-13.12518,-47.5961
2025/11/16 16:22:00,NPP-375,Brasil,GOIÁS,CAVALCANTE,Cerrado,4,0.0,0.1,2.8,-13.55374,-47.39018
2025/11/16 16:41:00,NOAA-20,Brasil,GOIÁS,CAVALCANTE,Cerrado,4,0.0,0.21,2.5,-13.68746,-47.55949
2025/11/16 16:41:00,NOAA-20,Brasil,GOIÁS,CAVALCANTE,Cerrado,4,0.0,0.09,1.8,-13.49524,-47.40941
2025/11/16 16:41:00,NOAA-20,Brasil,GOIÁS,CAVALCANTE,Cerrado,4,0.0,0.13,3.2,-13.56264,-47.38397
2025/11/16 16:41:00,NOAA-20,Brasil,GOIÁS,CAVALCANTE,Cerrado,4,0.0,0.1,3.2,-13.55323,-47.38911
2025/11/16 16:41:00,NOAA-20,Brasil,GOIÁS,CAVALCANTE,Cerrado,4,0.0,0.18,5.0,-13.58906,-48.03148
2025/11/16 16:41:00,NOAA-20,Brasil,GOIÁS,CAVALCANTE,Cerrado,4,0.0,0.24,6.5,-13.64058,-47.94643
2025/11/16 16:41:00,NOAA-20,Brasil,GOIÁS,CAVALCANTE,Cerrado,4,0.0,0.45,7.6,-13.3074,-48.14576
2025/11/16 16:41:00,NOAA-20,Brasil,GOIÁS,CAVALCANTE,Cerrado,4,0.0,0.11,3.2,-13.55708,-47.39212
2025/11/16 16:41:00,NOAA-20,Brasil,GOIÁS,CAVALCANTE,Cerrado,4,0.0,0.23,5.3,-13.65019,-48.01083
2025/11/16 16:41:00,NOAA-20,Brasil,GOIÁS,CAVALCANTE,Cerrado,2,0.0,0.05,3.2,-13.12693,-47.59653
2025/11/16 16:41:00,NOAA-20,Brasil,GOIÁS,CAVALCANTE,Cerrado,4,0.0,0.1,2.7,-13.47715,-47.73881
2025/11/16 16:41:00,NOAA-20,Brasil,GOIÁS,CAVALCANTE,Cerrado,4,0.0,0.09,1.8,-13.32063,-47.37607
2025/11/16 16:41:00,NOAA-20,Brasil,GOIÁS,CAVALCANTE,Cerrado,4,0.0,0.1,5.4,-13.59186,-48.0274
2025/11/16 16:41:00,NOAA-20,Brasil,GOIÁS,CAVALCANTE,Cerrado,4,0.0,0.34,8.1,-13.65353,-48.01032
2025/11/16 16:41:00,NOAA-20,Brasil,GOIÁS,CAVALCANTE,Cerrado,4,0.0,0.11,5.5,-13.31785,-47.38014
2025/11/16 16:41:00,NOAA-20,Brasil,GOIÁS,CAVALCANTE,Cerrado,4,0.0,0.1,5.5,-13.31731,-47.37659
2025/11/16 17:32:00,NOAA-21,Brasil,GOIÁS,CAVALCANTE,Cerrado,4,0.0,0.17,5.0,-13.58732,-48.0312
2025/11/16 17:32:00,NOAA-21,Brasil,GOIÁS,CAVALCANTE,Cerrado,4,0.0,0.57,9.0,-13.3063,-48.14801
2025/11/16 17:32:00,NOAA-21,Brasil,GOIÁS,CAVALCANTE,Cerrado,4,0.0,0.09,6.3,-13.49302,-47.41199
2025/11/16 17:32:00,NOAA-21,Brasil,GOIÁS,CAVALCANTE,Cerrado,4,0.0,0.09,7.0,-13.49397,-47.41119
2025/11/17 04:40:00,NOAA-21,Brasil,GOIÁS,CAVALCANTE,Cerrado,5,0.2,0.11,2.0,-13.32135,-47.37866
2025/11/17 04:40:00,NOAA-21,Brasil,GOIÁS,CAVALCANTE,Cerrado,4,2.6,0.06,2.0,-13.6987,-47.58866
2025/11/17 04:40:00,NOAA-21,Brasil,GOIÁS,CAVALCANTE,Cerrado,5,0.19,0.1,4.1,-13.322,-47.37682
2025/11/17 04:40:00,NOAA-21,Brasil,GOIÁS,CAVALCANTE,Cerrado,4,3.27,0.05,3.0,-13.55223,-47.38314
2025/11/17 04:40:00,NOAA-21,Brasil,GOIÁS,CAVALCANTE,Cerrado,4,11.29,0.01,1.2,-13.5959,-48.02269
2025/11/17 04:40:00,NOAA-21,Brasil,GOIÁS,CAVALCANTE,Cerrado,5,0.18,0.1,2.0,-13.32193,-47.37453
2025/11/17 05:10:00,NPP-375D,Brasil,GOIÁS,CAVALCANTE,Cerrado,5,0.19,0.11,2.6,-13.3196,-47.37884
2025/11/17 05:10:00,NPP-375D,Brasil,GOIÁS,CAVALCANTE,Cerrado,4,3.13,0.06,1.4,-13.54794,-47.38254
2025/11/17 05:10:00,NPP-375D,Brasil,GOIÁS,CAVALCANTE,Cerrado,4,3.36,0.05,1.1,-13.55348,-47.38404
2025/11/17 16:24:00,NOAA-20,Brasil,GOIÁS,CAVALCANTE,Cerrado,4,2.41,0.06,6.0,-13.6127,-47.61271
2025/11/17 16:24:00,NOAA-20,Brasil,GOIÁS,CAVALCANTE,Cerrado,4,2.41,0.06,5.0,-13.61138,-47.61272
2025/11/18 04:23:00,NOAA-21,Brasil,GOIÁS,CAVALCANTE,Cerrado,4,1.98,0.23,0.4,-13.90145,-47.49261
2025/11/18 04:23:00,NOAA-21,Brasil,GOIÁS,CAVALCANTE,Cerrado,4,1.96,0.23,0.4,-13.90086,-47.49627
2025/11/18 04:23:00,NOAA-21,Brasil,GOIÁS,CAVALCANTE,Cerrado,4,3.22,0.06,0.9,-13.55167,-47.37928
2025/11/18 04:23:00,NOAA-21,Brasil,GOIÁS,CAVALCANTE,Cerrado,4,3.1,0.06,0.9,-13.55503,-47.37975
2025/11/18 04:50:00,NPP-375D,Brasil,GOIÁS,CAVALCANTE,Cerrado,4,1.95,0.23,2.9,-13.9032,-47.49627
2025/11/18 04:50:00,NPP-375D,Brasil,GOIÁS,CAVALCANTE,Cerrado,4,1.99,0.23,2.9,-13.89965,-47.49191
2025/11/18 04:50:00,NPP-375D,Brasil,GOIÁS,CAVALCANTE,Cerrado,4,1.96,0.23,2.5,-13.90281,-47.49539
2025/11/18 04:50:00,NPP-375D,Brasil,GOIÁS,CAVALCANTE,Cerrado,4,1.98,0.23,2.5,-13.89876,-47.49454
2025/11/18 04:50:00,NPP-375D,Brasil,GOIÁS,CAVALCANTE,Cerrado,4,1.98,0.23,2.9,-13.89916,-47.49544
2025/11/18 04:50:00,NPP-375D,Brasil,GOIÁS,CAVALCANTE,Cerrado,4,1.99,0.23,2.5,-13.89923,-47.49099
2025/11/18 16:05:00,NOAA-20,Brasil,GOIÁS,CAVALCANTE,Cerrado,4,3.2,0.1,3.1,-13.63563,-47.9328
2025/11/18 16:56:00,NOAA-21,Brasil,GOIÁS,CAVALCANTE,Cerrado,4,2.11,0.23,74.5,-13.89413,-47.47352
2025/11/18 16:56:00,NOAA-21,Brasil,GOIÁS,CAVALCANTE,Cerrado,4,2.17,0.23,667.8,-13.8906,-47.47411
2025/11/18 16:56:00,NOAA-21,Brasil,GOIÁS,CAVALCANTE,Cerrado,4,2.12,0.23,14.5,-13.90266,-47.45926
2025/11/18 16:56:00,NOAA-21,Brasil,GOIÁS,CAVALCANTE,Cerrado,4,2.06,0.23,13.2,-13.89263,-47.4863
2025/11/18 16:56:00,NOAA-21,Brasil,GOIÁS,CAVALCANTE,Cerrado,4,1.89,0.23,14.2,-13.92652,-47.49366
2025/11/18 16:56:00,NOAA-21,Brasil,GOIÁS,CAVALCANTE,Cerrado,4,3.18,0.07,5.4,-13.63289,-47.9348
2025/11/18 16:56:00,NOAA-21,Brasil,GOIÁS,CAVALCANTE,Cerrado,4,2.28,0.23,7.7,-13.89424,-47.45237
2025/11/18 16:56:00,NOAA-21,Brasil,GOIÁS,CAVALCANTE,Cerrado,4,2.05,0.23,6.6,-13.88976,-47.49082
2025/11/18 16:56:00,NOAA-21,Brasil,GOIÁS,CAVALCANTE,Cerrado,4,2.14,0.23,13.2,-13.88842,-47.48284
2025/11/18 16:56:00,NOAA-21,Brasil,GOIÁS,CAVALCANTE,Cerrado,4,1.94,0.23,6.5,-13.91101,-47.48766
2025/11/18 16:56:00,NOAA-21,Brasil,GOIÁS,CAVALCANTE,Cerrado,4,2.14,0.23,344.9,-13.89627,-47.46455
2025/11/18 16:56:00,NOAA-21,Brasil,GOIÁS,CAVALCANTE,Cerrado,4,1.91,0.23,8.4,-13.91383,-47.48278
2025/11/18 16:56:00,NOAA-21,Brasil,GOIÁS,CAVALCANTE,Cerrado,4,1.9,0.23,18.2,-13.923,-47.49434
2025/11/18 16:56:00,NOAA-21,Brasil,GOIÁS,CAVALCANTE,Cerrado,4,1.9,0.23,8.4,-13.91723,-47.50328
2025/11/18 16:56:00,NOAA-21,Brasil,GOIÁS,CAVALCANTE,Cerrado,4,2.2,0.23,31.5,-13.8899,-47.46995
2025/11/18 16:56:00,NOAA-21,Brasil,GOIÁS,CAVALCANTE,Cerrado,4,1.9,0.23,14.2,-13.92721,-47.49784
2025/11/18 16:56:00,NOAA-21,Brasil,GOIÁS,CAVALCANTE,Cerrado,4,2.14,0.23,14.5,-13.90199,-47.45521
2025/11/18 16:56:00,NOAA-21,Brasil,GOIÁS,CAVALCANTE,Cerrado,3,2.12,0.24,16.4,-13.9042,-47.44664
2025/11/18 16:56:00,NOAA-21,Brasil,GOIÁS,CAVALCANTE,Cerrado,4,2.31,0.22,7.7,-13.89069,-47.45288
2025/11/18 16:56:00,NOAA-21,Brasil,GOIÁS,CAVALCANTE,Cerrado,4,1.93,0.23,6.5,-13.91171,-47.49187
2025/11/18 16:56:00,NOAA-21,Brasil,GOIÁS,CAVALCANTE,Cerrado,4,2.01,0.24,6.3,-13.90973,-47.45806
2025/11/18 16:56:00,NOAA-21,Brasil,GOIÁS,CAVALCANTE,Cerrado,4,1.9,0.23,11.4,-13.92854,-47.50592
2025/11/18 16:56:00,NOAA-21,Brasil,GOIÁS,CAVALCANTE,Cerrado,4,1.95,0.23,8.1,-13.90817,-47.49239
2025/11/18 16:56:00,NOAA-21,Brasil,GOIÁS,CAVALCANTE,Cerrado,4,2.23,0.23,12.8,-13.89491,-47.4564
2025/11/18 16:56:00,NOAA-21,Brasil,GOIÁS,CAVALCANTE,Cerrado,4,1.82,0.24,9.9,-13.91905,-47.44852
2025/11/18 16:56:00,NOAA-21,Brasil,GOIÁS,CAVALCANTE,Cerrado,4,1.84,0.24,5.8,-13.92103,-47.46046
2025/11/18 16:56:00,NOAA-21,Brasil,GOIÁS,CAVALCANTE,Cerrado,4,1.93,0.24,12.8,-13.91327,-47.45748
2025/11/18 16:56:00,NOAA-21,Brasil,GOIÁS,CAVALCANTE,Cerrado,4,2.09,0.23,13.2,-13.88909,-47.48682
2025/11/18 16:56:00,NOAA-21,Brasil,GOIÁS,CAVALCANTE,Cerrado,1,1.14,0.11,5.5,-14.05522,-47.59199
2025/11/18 16:56:00,NOAA-21,Brasil,GOIÁS,CAVALCANTE,Cerrado,4,2.14,0.23,344.9,-13.89344,-47.46934
2025/11/18 16:56:00,NOAA-21,Brasil,GOIÁS,CAVALCANTE,Cerrado,4,2.08,0.23,6.3,-13.9062,-47.45866
2025/11/18 16:56:00,NOAA-21,Brasil,GOIÁS,CAVALCANTE,Cerrado,4,3.4,0.06,8.6,-13.71884,-47.89189
2025/11/18 16:56:00,NOAA-21,Brasil,GOIÁS,CAVALCANTE,Cerrado,4,2.0,0.23,5.8,-13.89463,-47.49831
2025/11/18 16:56:00,NOAA-21,Brasil,GOIÁS,CAVALCANTE,Cerrado,4,1.9,0.23,11.4,-13.93141,-47.50136
2025/11/18 16:56:00,NOAA-21,Brasil,GOIÁS,CAVALCANTE,Cerrado,4,1.95,0.23,8.4,-13.91031,-47.48342
2025/11/18 16:56:00,NOAA-21,Brasil,GOIÁS,CAVALCANTE,Cerrado,4,2.02,0.24,6.3,-13.90906,-47.45402
2025/11/18 16:56:00,NOAA-21,Brasil,GOIÁS,CAVALCANTE,Cerrado,4,2.11,0.23,13.2,-13.89197,-47.48231
2025/11/18 16:56:00,NOAA-21,Brasil,GOIÁS,CAVALCANTE,Cerrado,4,2.02,0.21,6.6,-13.89042,-47.49483
2025/11/18 16:56:00,NOAA-21,Brasil,GOIÁS,CAVALCANTE,Cerrado,4,2.17,0.24,21.5,-13.90132,-47.45121
2025/11/18 16:56:00,NOAA-21,Brasil,GOIÁS,CAVALCANTE,Cerrado,4,1.83,0.24,5.8,-13.92171,-47.46456
2025/11/18 16:56:00,NOAA-21,Brasil,GOIÁS,CAVALCANTE,Cerrado,4,1.78,0.24,11.8,-13.92393,-47.45601
2025/11/18 16:56:00,NOAA-21,Brasil,GOIÁS,CAVALCANTE,Cerrado,4,2.11,0.23,24.8,-13.8998,-47.46393
2025/11/18 16:56:00,NOAA-21,Brasil,GOIÁS,CAVALCANTE,Cerrado,4,2.1,0.23,74.5,-13.89483,-47.47769
2025/11/18 17:24:00,NPP-375,Brasil,GOIÁS,CAVALCANTE,Cerrado,4,1.81,0.24,8.2,-13.92425,-47.45987
2025/11/18 17:24:00,NPP-375,Brasil,GOIÁS,CAVALCANTE,Cerrado,4,3.17,0.06,1.4,-13.63211,-47.9348
2025/11/18 17:24:00,NPP-375,Brasil,GOIÁS,CAVALCANTE,Cerrado,4,1.91,0.23,5.2,-13.91373,-47.49005
2025/11/18 17:24:00,NPP-375,Brasil,GOIÁS,CAVALCANTE,Cerrado,4,1.96,0.24,21.8,-13.91221,-47.45432
2025/11/18 17:24:00,NPP-375,Brasil,GOIÁS,CAVALCANTE,Cerrado,4,1.9,0.23,4.7,-13.93235,-47.50143
2025/11/18 17:24:00,NPP-375,Brasil,GOIÁS,CAVALCANTE,Cerrado,4,1.9,0.23,7.4,-13.91512,-47.49714
2025/11/18 17:24:00,NPP-375,Brasil,GOIÁS,CAVALCANTE,Cerrado,4,2.11,0.23,8.7,-13.90453,-47.4431
2025/11/18 17:24:00,NPP-375,Brasil,GOIÁS,CAVALCANTE,Cerrado,4,2.14,0.23,11.7,-13.8976,-47.46361
2025/11/18 17:24:00,NPP-375,Brasil,GOIÁS,CAVALCANTE,Cerrado,4,1.77,0.25,35.6,-13.923,-47.45346
2025/11/18 17:24:00,NPP-375,Brasil,GOIÁS,CAVALCANTE,Cerrado,4,2.17,0.23,11.0,-13.901,-47.45304
2025/11/18 17:24:00,NPP-375,Brasil,GOIÁS,CAVALCANTE,Cerrado,4,2.2,0.23,12.2,-13.89982,-47.44703
2025/11/18 17:24:00,NPP-375,Brasil,GOIÁS,CAVALCANTE,Cerrado,4,1.9,0.23,3.3,-13.91567,-47.49994
2025/11/18 17:24:00,NPP-375,Brasil,GOIÁS,CAVALCANTE,Cerrado,4,1.94,0.24,15.8,-13.91283,-47.45748
2025/11/18 17:24:00,NPP-375,Brasil,GOIÁS,CAVALCANTE,Cerrado,4,2.18,0.23,17.9,-13.88915,-47.47633
2025/11/18 17:24:00,NPP-375,Brasil,GOIÁS,CAVALCANTE,Cerrado,4,2.23,0.22,8.7,-13.89863,-47.441
2025/11/18 17:24:00,NPP-375,Brasil,GOIÁS,CAVALCANTE,Cerrado,4,1.99,0.24,11.6,-13.91046,-47.44537
2025/11/18 17:24:00,NPP-375,Brasil,GOIÁS,CAVALCANTE,Cerrado,4,2.12,0.23,30.6,-13.89044,-47.48285
2025/11/18 17:24:00,NPP-375,Brasil,GOIÁS,CAVALCANTE,Cerrado,4,1.86,0.24,21.8,-13.91758,-47.45377
2025/11/18 17:24:00,NPP-375,Brasil,GOIÁS,CAVALCANTE,Cerrado,4,1.98,0.24,11.6,-13.91104,-47.44834
2025/11/18 17:24:00,NPP-375,Brasil,GOIÁS,CAVALCANTE,Cerrado,4,1.79,0.24,8.2,-13.92362,-47.45662
2025/11/18 17:24:00,NPP-375,Brasil,GOIÁS,CAVALCANTE,Cerrado,4,1.84,0.24,4.3,-13.9208,-47.47025
2025/11/18 17:24:00,NPP-375,Brasil,GOIÁS,CAVALCANTE,Cerrado,4,2.15,0.23,14.8,-13.89303,-47.46825
2025/11/18 17:24:00,NPP-375,Brasil,GOIÁS,CAVALCANTE,Cerrado,4,1.9,0.23,6.4,-13.9239,-47.51407
2025/11/18 17:24:00,NPP-375,Brasil,GOIÁS,CAVALCANTE,Cerrado,4,2.22,0.23,8.7,-13.89923,-47.44403
2025/11/18 17:24:00,NPP-375,Brasil,GOIÁS,CAVALCANTE,Cerrado,4,1.85,0.24,6.8,-13.92012,-47.46677
2025/11/18 17:24:00,NPP-375,Brasil,GOIÁS,CAVALCANTE,Cerrado,4,1.8,0.24,6.1,-13.9249,-47.46321
2025/11/18 17:24:00,NPP-375,Brasil,GOIÁS,CAVALCANTE,Cerrado,4,2.22,0.21,11.7,-13.89165,-47.46124
2025/11/18 17:24:00,NPP-375,Brasil,GOIÁS,CAVALCANTE,Cerrado,4,2.21,0.23,9.2,-13.88845,-47.47279
2025/11/18 17:24:00,NPP-375,Brasil,GOIÁS,CAVALCANTE,Cerrado,4,2.15,0.23,17.9,-13.88982,-47.47971
2025/11/18 17:24:00,NPP-375,Brasil,GOIÁS,CAVALCANTE,Cerrado,4,1.89,0.23,4.7,-13.93165,-47.49785
2025/11/18 17:24:00,NPP-375,Brasil,GOIÁS,CAVALCANTE,Cerrado,4,2.08,0.23,30.6,-13.89105,-47.48593
2025/11/18 17:24:00,NPP-375,Brasil,GOIÁS,CAVALCANTE,Cerrado,4,1.78,0.24,11.9,-13.92183,-47.44747
2025/11/18 17:24:00,NPP-375,Brasil,GOIÁS,CAVALCANTE,Cerrado,4,1.97,0.24,21.8,-13.91162,-47.45128
2025/11/18 17:24:00,NPP-375,Brasil,GOIÁS,CAVALCANTE,Cerrado,4,1.9,0.23,4.1,-13.92497,-47.49162
2025/11/18 17:24:00,NPP-375,Brasil,GOIÁS,CAVALCANTE,Cerrado,4,2.04,0.23,5.0,-13.89166,-47.48904
2025/11/18 17:24:00,NPP-375,Brasil,GOIÁS,CAVALCANTE,Cerrado,4,1.87,0.24,11.6,-13.91643,-47.44788
2025/11/18 17:24:00,NPP-375,Brasil,GOIÁS,CAVALCANTE,Cerrado,4,1.9,0.23,4.4,-13.93301,-47.50482
2025/11/18 17:24:00,NPP-375,Brasil,GOIÁS,CAVALCANTE,Cerrado,4,3.19,0.06,1.7,-13.63394,-47.93599
2025/11/18 17:24:00,NPP-375,Brasil,GOIÁS,CAVALCANTE,Cerrado,4,1.89,0.24,11.6,-13.91584,-47.44484
2025/11/18 17:24:00,NPP-375,Brasil,GOIÁS,CAVALCANTE,Cerrado,4,2.15,0.23,11.0,-13.90161,-47.45615
2025/11/18 17:24:00,NPP-375,Brasil,GOIÁS,CAVALCANTE,Cerrado,4,2.19,0.24,12.2,-13.9004,-47.45002
2025/11/18 17:24:00,NPP-375,Brasil,GOIÁS,CAVALCANTE,Cerrado,4,1.86,0.24,21.8,-13.917,-47.45081
2025/11/18 17:24:00,NPP-375,Brasil,GOIÁS,CAVALCANTE,Cerrado,4,1.81,0.24,11.9,-13.92122,-47.44434
2025/11/18 17:24:00,NPP-375,Brasil,GOIÁS,CAVALCANTE,Cerrado,4,2.25,0.23,9.2,-13.88775,-47.46926
2025/11/18 17:24:00,NPP-375,Brasil,GOIÁS,CAVALCANTE,Cerrado,4,2.13,0.23,9.4,-13.90224,-47.45936
2025/11/18 17:24:00,NPP-375,Brasil,GOIÁS,CAVALCANTE,Cerrado,4,1.76,0.25,35.6,-13.92241,-47.45043
2025/11/18 17:24:00,NPP-375,Brasil,GOIÁS,CAVALCANTE,Cerrado,4,2.12,0.23,8.7,-13.90396,-47.44018
2025/11/18 17:24:00,NPP-375,Brasil,GOIÁS,CAVALCANTE,Cerrado,4,2.19,0.22,11.7,-13.89233,-47.4647
2025/11/18 17:24:00,NPP-375,Brasil,GOIÁS,CAVALCANTE,Cerrado,4,1.9,0.23,4.1,-13.91976,-47.49292
2025/11/18 17:24:00,NPP-375,Brasil,GOIÁS,CAVALCANTE,Cerrado,4,1.9,0.23,3.3,-13.91621,-47.50268
2025/11/18 17:24:00,NPP-375,Brasil,GOIÁS,CAVALCANTE,Cerrado,4,2.05,0.23,9.4,-13.90753,-47.4584
2025/11/18 17:24:00,NPP-375,Brasil,GOIÁS,CAVALCANTE,Cerrado,4,2.0,0.23,8.4,-13.90987,-47.44236
2025/11/19 04:01:00,NOAA-21,Brasil,GOIÁS,CAVALCANTE,Cerrado,0,0.0,0.45,2.0,-13.93812,-47.5089
2025/11/19 04:01:00,NOAA-21,Brasil,GOIÁS,CAVALCANTE,Cerrado,0,0.0,0.45,2.0,-13.93826,-47.50817
2025/11/19 04:01:00,NOAA-21,Brasil,GOIÁS,CAVALCANTE,Cerrado,2,0.69,0.08,2.0,-13.51959,-47.92409
2025/11/19 04:01:00,NOAA-21,Brasil,GOIÁS,CAVALCANTE,Cerrado,0,0.0,0.45,1.2,-13.93317,-47.51205
2025/11/19 04:31:00,NPP-375D,Brasil,GOIÁS,CAVALCANTE,Cerrado,0,0.0,0.45,1.0,-13.93175,-47.51176
2025/11/19 04:31:00,NPP-375D,Brasil,GOIÁS,CAVALCANTE,Cerrado,0,0.0,0.47,5.0,-13.9058,-47.42009
2025/11/19 04:31:00,NPP-375D,Brasil,GOIÁS,CAVALCANTE,Cerrado,0,0.0,0.42,1.7,-13.88253,-47.41624
2025/11/19 04:31:00,NPP-375D,Brasil,GOIÁS,CAVALCANTE,Cerrado,0,0.0,0.45,0.6,-13.93562,-47.50879
2025/11/19 04:31:00,NPP-375D,Brasil,GOIÁS,CAVALCANTE,Cerrado,0,0.0,0.47,1.3,-13.88694,-47.43165
2025/11/19 04:31:00,NPP-375D,Brasil,GOIÁS,CAVALCANTE,Cerrado,0,0.0,0.4,1.1,-13.88028,-47.47432
2025/11/19 04:31:00,NPP-375D,Brasil,GOIÁS,CAVALCANTE,Cerrado,0,0.0,0.36,0.5,-13.87752,-47.47021
2025/11/19 04:31:00,NPP-375D,Brasil,GOIÁS,CAVALCANTE,Cerrado,0,0.0,0.49,0.9,-13.89193,-47.44341
2025/11/19 04:31:00,NPP-375D,Brasil,GOIÁS,CAVALCANTE,Cerrado,0,0.0,0.44,1.1,-13.88305,-47.47845
2025/11/19 04:31:00,NPP-375D,Brasil,GOIÁS,CAVALCANTE,Cerrado,0,0.0,0.49,0.8,-13.89138,-47.44695
2025/11/19 04:31:00,NPP-375D,Brasil,GOIÁS,CAVALCANTE,Cerrado,0,0.0,0.49,0.9,-13.89525,-47.44397
2025/11/19 04:31:00,NPP-375D,Brasil,GOIÁS,CAVALCANTE,Cerrado,0,0.0,0.43,0.7,-13.88032,-47.40855
2025/11/19 04:31:00,NPP-375D,Brasil,GOIÁS,CAVALCANTE,Cerrado,0,0.0,0.45,1.1,-13.91015,-47.49725
2025/11/19 04:31:00,NPP-375D,Brasil,GOIÁS,CAVALCANTE,Cerrado,2,0.67,0.08,1.4,-13.51803,-47.92422
2025/11/19 04:31:00,NPP-375D,Brasil,GOIÁS,CAVALCANTE,Cerrado,0,0.0,0.45,1.7,-13.88418,-47.42752
2025/11/19 04:31:00,NPP-375D,Brasil,GOIÁS,CAVALCANTE,Cerrado,0,0.0,0.49,3.4,-13.92068,-47.42953
2025/11/19 04:31:00,NPP-375D,Brasil,GOIÁS,CAVALCANTE,Cerrado,0,0.0,0.48,0.9,-13.89248,-47.43987
2025/11/19 04:31:00,NPP-375D,Brasil,GOIÁS,CAVALCANTE,Cerrado,0,0.0,0.48,1.0,-13.92068,-47.47334
2025/11/19 04:31:00,NPP-375D,Brasil,GOIÁS,CAVALCANTE,Cerrado,0,0.0,0.44,1.0,-13.9312,-47.51529
2025/11/19 04:31:00,NPP-375D,Brasil,GOIÁS,CAVALCANTE,Cerrado,0,0.0,0.45,0.8,-13.90083,-47.40825
2025/11/19 04:31:00,NPP-375D,Brasil,GOIÁS,CAVALCANTE,Cerrado,0,0.0,0.47,2.1,-13.91902,-47.48405
2025/11/19 04:31:00,NPP-375D,Brasil,GOIÁS,CAVALCANTE,Cerrado,0,0.0,0.49,0.8,-13.89082,-47.4505
2025/11/19 04:31:00,NPP-375D,Brasil,GOIÁS,CAVALCANTE,Cerrado,0,0.0,0.47,2.1,-13.91957,-47.48047
2025/11/19 04:31:00,NPP-375D,Brasil,GOIÁS,CAVALCANTE,Cerrado,0,0.0,0.45,0.6,-13.9395,-47.50579
2025/11/19 04:31:00,NPP-375D,Brasil,GOIÁS,CAVALCANTE,Cerrado,0,0.0,0.48,3.4,-13.91791,-47.42541
2025/11/19 04:31:00,NPP-375D,Brasil,GOIÁS,CAVALCANTE,Cerrado,0,0.0,0.45,1.7,-13.88529,-47.42038
2025/11/19 04:31:00,NPP-375D,Brasil,GOIÁS,CAVALCANTE,Cerrado,0,0.0,0.47,0.4,-13.91681,-47.47635
2025/11/19 04:31:00,NPP-375D,Brasil,GOIÁS,CAVALCANTE,Cerrado,0,0.0,0.47,1.6,-13.8875,-47.42809
2025/11/19 04:31:00,NPP-375D,Brasil,GOIÁS,CAVALCANTE,Cerrado,0,0.0,0.4,1.7,-13.88197,-47.41982
2025/11/19 04:31:00,NPP-375D,Brasil,GOIÁS,CAVALCANTE,Cerrado,0,0.0,0.48,1.0,-13.92401,-47.47392
2025/11/19 04:31:00,NPP-375D,Brasil,GOIÁS,CAVALCANTE,Cerrado,0,0.0,0.48,1.6,-13.92123,-47.42596
2025/11/19 04:31:00,NPP-375D,Brasil,GOIÁS,CAVALCANTE,Cerrado,0,0.0,0.45,0.8,-13.9002,-47.49953
2025/11/19 04:31:00,NPP-375D,Brasil,GOIÁS,CAVALCANTE,Cerrado,0,0.0,0.47,5.0,-13.90525,-47.42366
2025/11/19 04:31:00,NPP-375D,Brasil,GOIÁS,CAVALCANTE,Cerrado,0,0.0,0.4,1.3,-13.8814,-47.4672
2025/11/19 04:31:00,NPP-375D,Brasil,GOIÁS,CAVALCANTE,Cerrado,0,0.0,0.47,5.0,-13.90192,-47.42311
2025/11/19 04:31:00,NPP-375D,Brasil,GOIÁS,CAVALCANTE,Cerrado,0,0.0,0.48,1.1,-13.9008,-47.43026
2025/11/19 04:31:00,NPP-375D,Brasil,GOIÁS,CAVALCANTE,Cerrado,0,0.0,0.44,1.6,-13.88364,-47.4091
2025/11/19 04:31:00,NPP-375D,Brasil,GOIÁS,CAVALCANTE,Cerrado,0,0.0,0.48,1.1,-13.90469,-47.42723
2025/11/19 04:31:00,NPP-375D,Brasil,GOIÁS,CAVALCANTE,Cerrado,0,0.0,0.47,1.3,-13.89027,-47.4322
2025/11/19 04:31:00,NPP-375D,Brasil,GOIÁS,CAVALCANTE,Cerrado,0,0.0,0.44,1.5,-13.88249,-47.482
2025/11/19 04:31:00,NPP-375D,Brasil,GOIÁS,CAVALCANTE,Cerrado,0,0.0,0.48,1.3,-13.88971,-47.43577
2025/11/19 04:31:00,NPP-375D,Brasil,GOIÁS,CAVALCANTE,Cerrado,0,0.0,0.45,0.8,-13.90139,-47.40467
2025/11/19 04:31:00,NPP-375D,Brasil,GOIÁS,CAVALCANTE,Cerrado,0,0.0,0.43,1.6,-13.88308,-47.41267
2025/11/19 04:31:00,NPP-375D,Brasil,GOIÁS,CAVALCANTE,Cerrado,0,0.0,0.41,1.3,-13.88084,-47.47076
2025/11/19 04:31:00,NPP-375D,Brasil,GOIÁS,CAVALCANTE,Cerrado,0,0.0,0.36,0.5,-13.87807,-47.46664
2025/11/19 04:31:00,NPP-375D,Brasil,GOIÁS,CAVALCANTE,Cerrado,0,0.0,0.45,1.7,-13.88474,-47.42395
2025/11/19 04:31:00,NPP-375D,Brasil,GOIÁS,CAVALCANTE,Cerrado,0,0.0,0.45,1.8,-13.93507,-47.51233
2025/11/19 04:31:00,NPP-375D,Brasil,GOIÁS,CAVALCANTE,Cerrado,0,0.0,0.45,0.6,-13.93894,-47.50935
2025/11/19 04:31:00,NPP-375D,Brasil,GOIÁS,CAVALCANTE,Cerrado,1,0.64,0.08,0.6,-13.51859,-47.92068
2025/11/19 04:55:00,NOAA-20,Brasil,GOIÁS,CAVALCANTE,Cerrado,0,0.0,0.41,1.5,-13.88241,-47.41973
2025/11/19 04:55:00,NOAA-20,Brasil,GOIÁS,CAVALCANTE,Cerrado,0,0.0,0.48,1.5,-13.8896,-47.43575
2025/11/19 04:55:00,NOAA-20,Brasil,GOIÁS,CAVALCANTE,Cerrado,0,0.0,0.47,1.6,-13.9057,-47.41861
2025/11/19 04:55:00,NOAA-20,Brasil,GOIÁS,CAVALCANTE,Cerrado,0,0.0,0.48,2.6,-13.91867,-47.42565
2025/11/19 04:55:00,NOAA-20,Brasil,GOIÁS,CAVALCANTE,Cerrado,0,0.0,0.47,4.6,-13.90508,-47.4234
2025/11/19 04:55:00,NOAA-20,Brasil,GOIÁS,CAVALCANTE,Cerrado,0,0.0,0.47,1.5,-13.88568,-47.43029
2025/11/19 04:55:00,NOAA-20,Brasil,GOIÁS,CAVALCANTE,Cerrado,1,0.67,0.08,1.8,-13.51727,-47.9243
2025/11/19 16:34:00,NOAA-21,Brasil,GOIÁS,CAVALCANTE,Cerrado,0,0.0,0.63,9.8,-13.90208,-47.72535
2025/11/19 16:34:00,NOAA-21,Brasil,GOIÁS,CAVALCANTE,Cerrado,0,0.0,0.43,4.6,-13.88637,-47.40232
2025/11/19 16:34:00,NOAA-21,Brasil,GOIÁS,CAVALCANTE,Cerrado,3,2.12,0.09,12.0,-13.66393,-47.70066
2025/11/19 16:34:00,NOAA-21,Brasil,GOIÁS,CAVALCANTE,Cerrado,0,0.0,0.36,6.9,-13.877,-47.48101
2025/11/19 16:34:00,NOAA-21,Brasil,GOIÁS,CAVALCANTE,Cerrado,0,0.0,0.72,4.9,-13.90152,-47.7215
2025/11/19 16:34:00,NOAA-21,Brasil,GOIÁS,CAVALCANTE,Cerrado,0,0.0,0.46,7.4,-13.88437,-47.48367
2025/11/19 16:34:00,NOAA-21,Brasil,GOIÁS,CAVALCANTE,Cerrado,0,0.0,0.63,4.9,-13.90208,-47.72535
2025/11/19 16:34:00,NOAA-21,Brasil,GOIÁS,CAVALCANTE,Cerrado,0,0.0,0.83,10.9,-13.90376,-47.73695
2025/11/19 16:34:00,NOAA-21,Brasil,GOIÁS,CAVALCANTE,Cerrado,0,0.0,0.49,11.5,-13.90263,-47.7292
2025/11/19 16:34:00,NOAA-21,Brasil,GOIÁS,CAVALCANTE,Cerrado,0,0.0,0.43,8.8,-13.87615,-47.40381
2025/11/19 17:06:00,NPP-375,Brasil,GOIÁS,CAVALCANTE,Cerrado,0,0.0,0.46,5.9,-13.92541,-47.49025
2025/11/19 17:06:00,NPP-375,Brasil,GOIÁS,CAVALCANTE,Cerrado,0,0.0,0.28,7.3,-13.84836,-47.57469
2025/11/19 17:06:00,NPP-375,Brasil,GOIÁS,CAVALCANTE,Cerrado,0,0.0,0.46,3.7,-13.90401,-47.41161
2025/11/19 17:06:00,NPP-375,Brasil,GOIÁS,CAVALCANTE,Cerrado,0,0.0,0.49,6.8,-13.93395,-47.46588
2025/11/19 17:06:00,NPP-375,Brasil,GOIÁS,CAVALCANTE,Cerrado,0,0.0,0.44,7.3,-13.90306,-47.72972
2025/11/19 17:06:00,NPP-375,Brasil,GOIÁS,CAVALCANTE,Cerrado,0,0.0,0.47,5.4,-13.90688,-47.72905
2025/11/19 17:06:00,NPP-375,Brasil,GOIÁS,CAVALCANTE,Cerrado,0,0.0,0.84,7.3,-13.90005,-47.73515
2025/11/19 17:06:00,NPP-375,Brasil,GOIÁS,CAVALCANTE,Cerrado,0,0.0,0.28,18.2,-13.84812,-47.57702
2025/11/19 17:06:00,NPP-375,Brasil,GOIÁS,CAVALCANTE,Cerrado,0,0.0,0.49,4.6,-13.93376,-47.46892
2025/11/19 17:06:00,NPP-375,Brasil,GOIÁS,CAVALCANTE,Cerrado,0,0.0,0.5,6.5,-13.89756,-47.72071
2025/11/19 17:06:00,NPP-375,Brasil,GOIÁS,CAVALCANTE,Cerrado,0,0.0,0.45,18.3,-13.94093,-47.50549
2025/11/19 17:06:00,NPP-375,Brasil,GOIÁS,CAVALCANTE,Cerrado,0,0.0,0.65,6.5,-13.90222,-47.7249
2025/11/19 17:06:00,NPP-375,Brasil,GOIÁS,CAVALCANTE,Cerrado,0,0.0,0.45,7.4,-13.94433,-47.50784
2025/11/19 17:06:00,NPP-375,Brasil,GOIÁS,CAVALCANTE,Cerrado,0,0.0,0.45,7.4,-13.9413,-47.51347
2025/11/19 17:06:00,NPP-375,Brasil,GOIÁS,CAVALCANTE,Cerrado,0,0.0,0.46,12.2,-13.93964,-47.50367
2025/11/19 17:06:00,NPP-375,Brasil,GOIÁS,CAVALCANTE,Cerrado,0,0.0,0.46,7.0,-13.94477,-47.50467
2025/11/19 17:06:00,NPP-375,Brasil,GOIÁS,CAVALCANTE,Cerrado,0,0.0,0.28,12.6,-13.84921,-47.57956
2025/11/19 17:06:00,NPP-375,Brasil,GOIÁS,CAVALCANTE,Cerrado,0,0.0,0.84,5.4,-13.91153,-47.73319
2025/11/19 17:06:00,NPP-375,Brasil,GOIÁS,CAVALCANTE,Cerrado,0,0.0,0.96,6.8,-13.9047,-47.73926
2025/11/19 17:26:00,NOAA-20,Brasil,GOIÁS,CAVALCANTE,Cerrado,0,0.0,0.5,8.4,-13.93655,-47.46255
2025/11/19 17:26:00,NOAA-20,Brasil,GOIÁS,CAVALCANTE,Cerrado,0,0.0,0.46,7.1,-13.94418,-47.49983
2025/11/19 17:26:00,NOAA-20,Brasil,GOIÁS,CAVALCANTE,Cerrado,0,0.0,0.6,3.4,-13.90586,-47.72602
2025/11/19 17:26:00,NOAA-20,Brasil,GOIÁS,CAVALCANTE,Cerrado,0,0.0,0.46,12.3,-13.94512,-47.50439
2025/11/19 17:26:00,NOAA-20,Brasil,GOIÁS,CAVALCANTE,Cerrado,0,0.0,0.49,8.4,-13.93747,-47.46703
2025/11/19 17:51:00,AQUA_M-T,Brasil,GOIÁS,CAVALCANTE,Cerrado,0,0.0,0.97,19.1,-13.91388,-47.73623
2025/11/20 03:44:00,NOAA-21,Brasil,GOIÁS,CAVALCANTE,Cerrado,1,0.0,0.73,2.0,-13.94058,-47.4575
2025/11/20 03:44:00,NOAA-21,Brasil,GOIÁS,CAVALCANTE,Cerrado,2,0.0,0.73,2.8,-13.93983,-47.45449
2025/11/20 03:44:00,NOAA-21,Brasil,GOIÁS,CAVALCANTE,Cerrado,0,1.0,0.13,1.7,-13.51701,-47.91231
2025/11/20 03:44:00,NOAA-21,Brasil,GOIÁS,CAVALCANTE,Cerrado,2,0.0,0.72,1.8,-13.93137,-47.47315
2025/11/20 03:44:00,NOAA-21,Brasil,GOIÁS,CAVALCANTE,Cerrado,2,0.0,0.72,2.0,-13.93981,-47.46124
2025/11/20 03:44:00,NOAA-21,Brasil,GOIÁS,CAVALCANTE,Cerrado,2,0.0,0.72,2.6,-13.93901,-47.46507
2025/11/20 03:44:00,NOAA-21,Brasil,GOIÁS,CAVALCANTE,Cerrado,2,0.0,0.72,3.8,-13.93076,-47.47004
2025/11/20 03:44:00,NOAA-21,Brasil,GOIÁS,CAVALCANTE,Cerrado,2,0.0,0.73,1.8,-13.93832,-47.46203
2025/11/20 03:44:00,NOAA-21,Brasil,GOIÁS,CAVALCANTE,Cerrado,0,0.93,0.13,1.6,-13.51356,-47.91511
2025/11/20 03:44:00,NOAA-21,Brasil,GOIÁS,CAVALCANTE,Cerrado,2,0.0,0.71,2.9,-13.92902,-47.47875
2025/11/20 03:44:00,NOAA-21,Brasil,GOIÁS,CAVALCANTE,Cerrado,2,0.0,0.71,1.8,-13.93046,-47.47753
2025/11/20 03:44:00,NOAA-21,Brasil,GOIÁS,CAVALCANTE,Cerrado,2,0.0,0.72,2.9,-13.9299,-47.47433
2025/11/20 03:44:00,NOAA-21,Brasil,GOIÁS,CAVALCANTE,Cerrado,2,0.0,0.73,1.8,-13.93907,-47.45826
2025/11/20 03:44:00,NOAA-21,Brasil,GOIÁS,CAVALCANTE,Cerrado,2,0.0,0.73,2.0,-13.94137,-47.45369
2025/11/20 03:44:00,NOAA-21,Brasil,GOIÁS,CAVALCANTE,Cerrado,2,0.0,0.72,0.8,-13.94322,-47.46727
2025/11/20 04:14:00,NPP-375D,Brasil,GOIÁS,CAVALCANTE,Cerrado,2,0.0,0.73,2.5,-13.93875,-47.45887
2025/11/20 04:14:00,NPP-375D,Brasil,GOIÁS,CAVALCANTE,Cerrado,2,0.0,0.71,1.6,-13.92682,-47.48215
2025/11/20 04:14:00,NPP-375D,Brasil,GOIÁS,CAVALCANTE,Cerrado,2,0.0,0.63,1.0,-13.8729,-47.40903
2025/11/20 04:14:00,NPP-375D,Brasil,GOIÁS,CAVALCANTE,Cerrado,2,0.0,0.72,2.9,-13.9324,-47.47274
2025/11/20 04:14:00,NPP-375D,Brasil,GOIÁS,CAVALCANTE,Cerrado,2,0.0,0.69,0.6,-13.90726,-47.41447
2025/11/20 04:14:00,NPP-375D,Brasil,GOIÁS,CAVALCANTE,Cerrado,2,0.0,0.72,0.9,-13.94255,-47.45961
2025/11/20 04:14:00,NPP-375D,Brasil,GOIÁS,CAVALCANTE,Cerrado,2,0.0,0.72,1.2,-13.92855,-47.47228
2025/11/20 04:14:00,NPP-375D,Brasil,GOIÁS,CAVALCANTE,Cerrado,2,0.0,0.71,1.2,-13.92769,-47.47717
2025/11/20 04:14:00,NPP-375D,Brasil,GOIÁS,CAVALCANTE,Cerrado,2,0.0,0.73,2.5,-13.93956,-47.45423
2025/11/20 04:33:00,NOAA-20,Brasil,GOIÁS,CAVALCANTE,Cerrado,0,0.93,0.13,0.7,-13.51406,-47.91537
2025/11/20 04:33:00,NOAA-20,Brasil,GOIÁS,CAVALCANTE,Cerrado,2,0.0,0.72,0.8,-13.94145,-47.46502
2025/11/20 04:33:00,NOAA-20,Brasil,GOIÁS,CAVALCANTE,Cerrado,2,0.0,0.71,1.8,-13.92489,-47.4817
2025/11/20 04:33:00,NOAA-20,Brasil,GOIÁS,CAVALCANTE,Cerrado,1,0.0,0.73,2.5,-13.93916,-47.45667
2025/11/20 04:33:00,NOAA-20,Brasil,GOIÁS,CAVALCANTE,Cerrado,2,0.0,0.72,2.1,-13.92944,-47.47475
2025/11/20 04:33:00,NOAA-20,Brasil,GOIÁS,CAVALCANTE,Cerrado,2,0.0,0.73,2.5,-13.93974,-47.45276
2025/11/20 04:33:00,NOAA-20,Brasil,GOIÁS,CAVALCANTE,Cerrado,2,0.0,0.73,1.0,-13.93858,-47.46061
2025/11/20 04:33:00,NOAA-20,Brasil,GOIÁS,CAVALCANTE,Cerrado,2,0.0,0.65,1.1,-13.87453,-47.39874
2025/11/20 04:33:00,NOAA-20,Brasil,GOIÁS,CAVALCANTE,Cerrado,0,0.81,0.13,1.0,-13.51191,-47.92311
2025/11/20 04:33:00,NOAA-20,Brasil,GOIÁS,CAVALCANTE,Cerrado,2,0.0,0.72,0.8,-13.94202,-47.46112
2025/11/20 04:33:00,NOAA-20,Brasil,GOIÁS,CAVALCANTE,Cerrado,2,0.0,0.72,0.7,-13.94087,-47.46891
2025/11/20 04:33:00,NOAA-20,Brasil,GOIÁS,CAVALCANTE,Cerrado,2,0.0,0.71,2.1,-13.92888,-47.47857
2025/11/20 11:59:00,TERRA_M-M,Brasil,GOIÁS,CAVALCANTE,Cerrado,2,0.0,0.71,7.9,-13.94023,-47.47743
2025/11/20 16:17:00,NOAA-21,Brasil,GOIÁS,CAVALCANTE,Cerrado,2,0.0,0.61,3.9,-13.87188,-47.61234
2025/11/20 16:17:00,NOAA-21,Brasil,GOIÁS,CAVALCANTE,Cerrado,2,0.0,0.93,7.6,-13.89684,-47.73263
2025/11/20 16:17:00,NOAA-21,Brasil,GOIÁS,CAVALCANTE,Cerrado,2,0.0,1.0,7.4,-13.89341,-47.7307
2025/11/20 16:17:00,NOAA-21,Brasil,GOIÁS,CAVALCANTE,Cerrado,2,0.0,0.71,15.9,-13.9511,-47.46499
2025/11/20 16:17:00,NOAA-21,Brasil,GOIÁS,CAVALCANTE,Cerrado,2,0.0,0.71,11.7,-13.95438,-47.4657
2025/11/20 16:45:00,NPP-375,Brasil,GOIÁS,CAVALCANTE,Cerrado,2,0.0,0.55,3.5,-13.87038,-47.60759
2025/11/20 16:45:00,NPP-375,Brasil,GOIÁS,CAVALCANTE,Cerrado,2,0.0,0.7,3.4,-13.94657,-47.48499
2025/11/20 16:45:00,NPP-375,Brasil,GOIÁS,CAVALCANTE,Cerrado,2,0.0,0.96,9.1,-13.90031,-47.73841
2025/11/20 16:45:00,NPP-375,Brasil,GOIÁS,CAVALCANTE,Cerrado,2,0.0,0.71,2.6,-13.8831,-47.48835
2025/11/20 16:45:00,NPP-375,Brasil,GOIÁS,CAVALCANTE,Cerrado,2,0.0,0.82,6.8,-13.89923,-47.73124
2025/11/20 17:09:00,NOAA-20,Brasil,GOIÁS,CAVALCANTE,Cerrado,2,0.0,0.93,4.3,-13.89938,-47.73661
2025/11/20 17:09:00,NOAA-20,Brasil,GOIÁS,CAVALCANTE,Cerrado,2,0.0,0.83,5.6,-13.89798,-47.72866
2025/11/20 18:30:00,AQUA_M-T,Brasil,GOIÁS,CAVALCANTE,Cerrado,2,0.0,0.85,8.7,-13.90206,-47.7355
2025/11/21 16:49:00,NOAA-20,Brasil,GOIÁS,CAVALCANTE,Cerrado,2,5.72,0.06,10.5,-13.39866,-48.09446
2025/11/21 16:49:00,NOAA-20,Brasil,GOIÁS,CAVALCANTE,Cerrado,2,5.94,-999.0,10.5,-13.402,-48.09391
2025/12/03 16:24:00,NOAA-20,Brasil,GOIÁS,CAVALCANTE,Cerrado,0,2.72,0.02,7.0,-13.39611,-48.09856
2025/12/11 16:54:00,NPP-375,Brasil,GOIÁS,CAVALCANTE,Cerrado,0,15.84,0.0,3.0,-13.83641,-47.74092
2025/12/26 15:54:00,NOAA-20,Brasil,GOIÁS,CAVALCANTE,Cerrado,0,0.3,0.03,8.6,-13.54919,-47.51715
2025/12/26 15:54:00,NOAA-20,Brasil,GOIÁS,CAVALCANTE,Cerrado,0,0.3,0.02,8.6,-13.54982,-47.52324
2025/12/27 16:54:00,NPP-375,Brasil,GOIÁS,CAVALCANTE,Cerrado,2,0.0,0.04,1.6,-13.53417,-47.38281
2025/12/27 17:15:00,NOAA-20,Brasil,GOIÁS,CAVALCANTE,Cerrado,0,0.0,0.01,5.2,-13.45211,-48.12276
2025/12/27 17:15:00,NOAA-20,Brasil,GOIÁS,CAVALCANTE,Cerrado,2,0.0,0.04,3.6,-13.5364,-47.38312
2025/12/28 03:32:00,NOAA-21,Brasil,GOIÁS,CAVALCANTE,Cerrado,2,1.7,0.05,3.8,-13.51885,-47.43105
2025/12/28 04:01:00,NPP-375D,Brasil,GOIÁS,CAVALCANTE,Cerrado,2,1.66,0.05,1.9,-13.51844,-47.42881
2025/12/28 04:23:00,NOAA-20,Brasil,GOIÁS,CAVALCANTE,Cerrado,0,17.19,0.0,1.6,-13.59436,-47.89747
2025/12/28 04:23:00,NOAA-20,Brasil,GOIÁS,CAVALCANTE,Cerrado,0,16.26,0.0,2.0,-13.59159,-47.89324
2025/12/28 04:23:00,NOAA-20,Brasil,GOIÁS,CAVALCANTE,Cerrado,2,1.7,0.05,0.6,-13.52052,-47.42916
2025/12/28 04:23:00,NOAA-20,Brasil,GOIÁS,CAVALCANTE,Cerrado,2,1.63,0.05,0.6,-13.51719,-47.42859
2025/12/28 16:56:00,NOAA-20,Brasil,GOIÁS,CAVALCANTE,Cerrado,3,0.0,0.03,12.4,-13.27771,-47.43971
2025/12/31 06:20:00,AQUA_M-M,Brasil,GOIÁS,CAVALCANTE,Cerrado,0,5.62,0.0,7.9,-13.55953,-47.75254
2026/01/16 16:49:00,NOAA-21,Brasil,GOIÁS,CAVALCANTE,Cerrado,2,0.01,0.0,10.9,-13.62422,-48.00565
2026/01/16 16:49:00,NOAA-21,Brasil,GOIÁS,CAVALCANTE,Cerrado,2,0.0,0.03,4.5,-13.77915,-47.67458
2026/01/16 16:49:00,NOAA-21,Brasil,GOIÁS,CAVALCANTE,Cerrado,2,0.04,0.0,38.0,-13.62089,-48.00619
2026/01/16 17:19:00,NPP-375,Brasil,GOIÁS,CAVALCANTE,Cerrado,2,0.01,0.0,10.2,-13.62384,-48.00406
2026/01/17 16:32:00,NOAA-21,Brasil,GOIÁS,CAVALCANTE,Cerrado,4,0.0,0.05,3.1,-13.4348,-47.33055
2026/01/17 16:32:00,NOAA-21,Brasil,GOIÁS,CAVALCANTE,Cerrado,4,0.0,0.05,9.4,-13.4312,-47.33091
2026/01/17 16:32:00,NOAA-21,Brasil,GOIÁS,CAVALCANTE,Cerrado,4,0.0,0.1,5.3,-13.43326,-47.32695
2026/01/17 16:32:00,NOAA-21,Brasil,GOIÁS,CAVALCANTE,Cerrado,4,0.0,0.09,6.0,-13.43063,-47.32688
2026/01/17 16:32:00,NOAA-21,Brasil,GOIÁS,CAVALCANTE,Cerrado,4,0.0,0.05,4.0,-13.43382,-47.331
2026/01/17 17:02:00,NPP-375,Brasil,GOIÁS,CAVALCANTE,Cerrado,4,0.0,0.13,3.0,-13.4315,-47.32452
2026/01/17 17:02:00,NPP-375,Brasil,GOIÁS,CAVALCANTE,Cerrado,4,0.0,0.05,2.4,-13.42865,-47.32976
2026/01/17 17:02:00,NPP-375,Brasil,GOIÁS,CAVALCANTE,Cerrado,4,0.0,0.06,3.0,-13.43226,-47.329
2026/01/17 17:02:00,NPP-375,Brasil,GOIÁS,CAVALCANTE,Cerrado,4,0.0,0.1,3.0,-13.43586,-47.32819
2026/01/17 17:21:00,NOAA-20,Brasil,GOIÁS,CAVALCANTE,Cerrado,4,0.0,0.09,2.5,-13.43315,-47.3278
2026/01/17 17:21:00,NOAA-20,Brasil,GOIÁS,CAVALCANTE,Cerrado,4,0.0,0.09,2.6,-13.43104,-47.32695
2026/01/17 17:21:00,NOAA-20,Brasil,GOIÁS,CAVALCANTE,Cerrado,4,0.0,0.18,2.5,-13.43839,-47.32597
2026/01/17 17:21:00,NOAA-20,Brasil,GOIÁS,CAVALCANTE,Cerrado,4,0.0,0.15,3.4,-13.43236,-47.32381
2026/01/18 00:28:00,TERRA_M-M,Brasil,GOIÁS,CAVALCANTE,Cerrado,4,2.49,0.05,9.1,-13.42483,-47.339
2026/01/18 04:29:00,NOAA-20,Brasil,GOIÁS,CAVALCANTE,Cerrado,4,2.48,0.05,0.7,-13.42596,-47.33926
2026/01/18 04:29:00,NOAA-20,Brasil,GOIÁS,CAVALCANTE,Cerrado,4,2.44,0.05,0.7,-13.42375,-47.33155
2026/01/18 04:29:00,NOAA-20,Brasil,GOIÁS,CAVALCANTE,Cerrado,4,2.4,0.05,0.8,-13.42707,-47.33212
2026/01/18 04:29:00,NOAA-20,Brasil,GOIÁS,CAVALCANTE,Cerrado,4,2.46,0.05,0.7,-13.42928,-47.33982
2026/01/18 17:02:00,NOAA-20,Brasil,GOIÁS,CAVALCANTE,Cerrado,3,7.46,0.02,11.2,-13.60853,-47.48919
2026/01/27 15:54:00,NOAA-20,Brasil,GOIÁS,CAVALCANTE,Cerrado,1,0.0,0.01,5.6,-13.61351,-47.52505
2026/01/27 15:54:00,NOAA-20,Brasil,GOIÁS,CAVALCANTE,Cerrado,1,0.0,0.01,2.4,-13.61053,-47.52386
2026/01/27 16:43:00,NOAA-21,Brasil,GOIÁS,CAVALCANTE,Cerrado,2,0.0,0.01,3.7,-13.61014,-47.4157
2026/02/08 16:20:00,NOAA-21,Brasil,GOIÁS,CAVALCANTE,Cerrado,1,0.0,0.0,3.1,-13.57942,-47.53235
2026/02/08 16:20:00,NOAA-21,Brasil,GOIÁS,CAVALCANTE,Cerrado,1,0.0,0.0,6.8,-13.57501,-47.53287
2026/02/08 17:11:00,NOAA-20,Brasil,GOIÁS,CAVALCANTE,Cerrado,1,0.0,0.0,6.2,-13.58073,-47.5325
2026/02/10 17:21:00,NOAA-21,Brasil,GOIÁS,CAVALCANTE,Cerrado,1,14.68,0.0,4.6,-13.58518,-47.50961
2026/02/16 04:36:00,NOAA-21,Brasil,GOIÁS,CAVALCANTE,Cerrado,3,3.15,0.01,0.6,-13.50635,-47.55013
2026/02/17 16:49:00,NOAA-21,Brasil,GOIÁS,CAVALCANTE,Cerrado,0,0.67,0.01,10.1,-13.48961,-47.67666
2026/02/17 16:49:00,NOAA-21,Brasil,GOIÁS,CAVALCANTE,Cerrado,0,0.64,0.01,6.1,-13.49297,-47.6761
